Size,U \%,O \%,D,FO,Instance,RT,,SD,RT,,SD,RT,,SD,gen,conv
9,50,0,Chebyshev,Equal,1,0,$\pm$,0,0.12,$\pm$,1.32,10.7,$\pm$,7.39,2.56,100
9,50,0,Chebyshev,Equal,2,0,$\pm$,0,0.35,$\pm$,2.26,16.9,$\pm$,8.84,3.89,100
9,50,0,Chebyshev,Equal,3,0,$\pm$,0,0,$\pm$,0,7.5,$\pm$,7.91,2.56,100
9,50,0,Chebyshev,Equal,4,3,$\pm$,6,0.01,$\pm$,0.09,2737.8,$\pm$,2137,844.67,100
9,50,0,Chebyshev,Equal,5,0,$\pm$,0,0.12,$\pm$,1.32,9.1,$\pm$,7.84,2.44,100
9,50,0,Chebyshev,Random,1,0,$\pm$,0,0,$\pm$,0,0,$\pm$,0,1,100
9,50,0,Chebyshev,Random,2,0,$\pm$,0,0,$\pm$,0,4.5,$\pm$,7.25,1,100
9,50,0,Chebyshev,Random,3,0,$\pm$,0,0,$\pm$,0,1.5,$\pm$,4.74,1,100
9,50,0,Chebyshev,Random,4,0,$\pm$,0,0,$\pm$,0,3,$\pm$,6.32,1,100
9,50,0,Chebyshev,Random,5,0,$\pm$,0,0,$\pm$,0,1.5,$\pm$,4.74,1,100
9,50,0,Euclidean,Equal,1,0,$\pm$,0,0,$\pm$,0,3050.1,$\pm$,3905.8,964.44,90
9,50,0,Euclidean,Equal,2,0,$\pm$,0,0.01,$\pm$,0.09,957.5,$\pm$,553.52,266.67,100
9,50,0,Euclidean,Equal,3,0,$\pm$,0,0,$\pm$,0,7.6,$\pm$,8.02,2.22,100
9,50,0,Euclidean,Equal,4,0,$\pm$,0,0,$\pm$,0,6,$\pm$,7.75,2.33,100
9,50,0,Euclidean,Equal,5,0,$\pm$,0,0.12,$\pm$,1.32,52.9,$\pm$,23.5,15.78,100
9,50,0,Euclidean,Random,1,0,$\pm$,0,0,$\pm$,0,4.5,$\pm$,7.25,1,100
9,50,0,Euclidean,Random,2,0,$\pm$,0,0,$\pm$,0,0,$\pm$,0,1,100
9,50,0,Euclidean,Random,3,0,$\pm$,0,0.23,$\pm$,1.85,374.4,$\pm$,274.46,179.44,100
9,50,0,Euclidean,Random,4,0,$\pm$,0,0,$\pm$,0,3,$\pm$,6.32,1,100
9,50,0,Euclidean,Random,5,0,$\pm$,0,0.12,$\pm$,1.32,3,$\pm$,6.32,1,100
9,50,50,Chebyshev,Equal,1,0,$\pm$,0,0.12,$\pm$,1.32,1.5,$\pm$,4.74,1,100
9,50,50,Chebyshev,Equal,2,0,$\pm$,0,0,$\pm$,0,6,$\pm$,7.75,1,100
9,50,50,Chebyshev,Equal,3,0,$\pm$,0,0,$\pm$,0,3,$\pm$,6.32,1,100
9,50,50,Chebyshev,Equal,4,0,$\pm$,0,0,$\pm$,0,7.5,$\pm$,7.91,1,100
9,50,50,Chebyshev,Equal,5,0,$\pm$,0,0,$\pm$,0,4.5,$\pm$,7.25,1,100
9,50,50,Chebyshev,Random,1,0,$\pm$,0,0.35,$\pm$,2.26,3,$\pm$,6.32,1,100
9,50,50,Chebyshev,Random,2,0,$\pm$,0,0,$\pm$,0,3,$\pm$,6.32,1,100
9,50,50,Chebyshev,Random,3,0,$\pm$,0,0,$\pm$,0,4.5,$\pm$,7.25,1,100
9,50,50,Chebyshev,Random,4,0,$\pm$,0,0,$\pm$,0,3,$\pm$,6.32,1,100
9,50,50,Chebyshev,Random,5,0,$\pm$,0,0.12,$\pm$,1.32,4.5,$\pm$,7.25,1,100
9,50,50,Euclidean,Equal,1,0,$\pm$,0,0,$\pm$,0,3,$\pm$,6.32,1,100
9,50,50,Euclidean,Equal,2,0,$\pm$,0,0,$\pm$,0,3,$\pm$,6.32,1,100
9,50,50,Euclidean,Equal,3,0,$\pm$,0,0,$\pm$,0,7.5,$\pm$,7.91,2.22,100
9,50,50,Euclidean,Equal,4,0,$\pm$,0,0.12,$\pm$,1.32,4.5,$\pm$,7.25,1,100
9,50,50,Euclidean,Equal,5,0,$\pm$,0,0,$\pm$,0,4.5,$\pm$,7.25,1.11,100
9,50,50,Euclidean,Random,1,0,$\pm$,0,0.12,$\pm$,1.32,3,$\pm$,6.32,1,100
9,50,50,Euclidean,Random,2,0,$\pm$,0,0.12,$\pm$,1.32,3,$\pm$,6.32,1,100
9,50,50,Euclidean,Random,3,0,$\pm$,0,0,$\pm$,0,4.5,$\pm$,7.25,1,100
9,50,50,Euclidean,Random,4,0,$\pm$,0,0,$\pm$,0,28,$\pm$,14.15,15.44,100
9,50,50,Euclidean,Random,5,0,$\pm$,0,0.12,$\pm$,1.32,17,$\pm$,4.94,9.11,100
9,50,85,Chebyshev,Equal,1,0,$\pm$,0,0,$\pm$,0,4.5,$\pm$,7.25,1,100
9,50,85,Chebyshev,Equal,2,0,$\pm$,0,0.12,$\pm$,1.32,6,$\pm$,7.75,1,100
9,50,85,Chebyshev,Equal,3,0,$\pm$,0,0,$\pm$,0,6,$\pm$,7.75,1,100
9,50,85,Chebyshev,Equal,4,0,$\pm$,0,0.12,$\pm$,1.32,3,$\pm$,6.32,1,100
9,50,85,Chebyshev,Equal,5,0,$\pm$,0,0,$\pm$,0,4.5,$\pm$,7.25,1,100
9,50,85,Chebyshev,Random,1,0,$\pm$,0,0,$\pm$,0,3,$\pm$,6.32,1,100
9,50,85,Chebyshev,Random,2,0,$\pm$,0,0,$\pm$,0,4.5,$\pm$,7.25,1,100
9,50,85,Chebyshev,Random,3,0,$\pm$,0,0,$\pm$,0,3,$\pm$,6.32,1,100
9,50,85,Chebyshev,Random,4,0,$\pm$,0,0,$\pm$,0,1.5,$\pm$,4.74,1,100
9,50,85,Chebyshev,Random,5,0,$\pm$,0,0.12,$\pm$,1.32,0,$\pm$,0,1,100
9,50,85,Euclidean,Equal,1,0,$\pm$,0,0,$\pm$,0,3,$\pm$,6.32,1,100
9,50,85,Euclidean,Equal,2,0,$\pm$,0,0.12,$\pm$,1.32,4.5,$\pm$,7.25,1,100
9,50,85,Euclidean,Equal,3,0,$\pm$,0,0,$\pm$,0,9,$\pm$,7.75,2.22,100
9,50,85,Euclidean,Equal,4,0,$\pm$,0,0,$\pm$,0,4.6,$\pm$,7.41,2.89,100
9,50,85,Euclidean,Equal,5,3,$\pm$,6,0,$\pm$,0,3,$\pm$,6.32,1,100
9,50,85,Euclidean,Random,1,0,$\pm$,0,0,$\pm$,0,0,$\pm$,0,1,100
9,50,85,Euclidean,Random,2,0,$\pm$,0,0.23,$\pm$,1.85,3,$\pm$,6.32,1,100
9,50,85,Euclidean,Random,3,0,$\pm$,0,0,$\pm$,0,4.5,$\pm$,7.25,1,100
9,50,85,Euclidean,Random,4,0,$\pm$,0,0,$\pm$,0,3,$\pm$,6.32,1,100
9,50,85,Euclidean,Random,5,0,$\pm$,0,0,$\pm$,0,3,$\pm$,6.32,1,100
9,80,0,Chebyshev,Equal,1,0,$\pm$,0,0,$\pm$,0,9,$\pm$,7.75,2.44,100
9,80,0,Chebyshev,Equal,2,0,$\pm$,0,0.12,$\pm$,1.32,2151.6,$\pm$,2378.62,697.78,100
9,80,0,Chebyshev,Equal,3,0,$\pm$,0,0,$\pm$,0,9.1,$\pm$,7.84,2.11,100
9,80,0,Chebyshev,Equal,4,0,$\pm$,0,0.05,$\pm$,0.53,10.6,$\pm$,7.32,2.44,100
9,80,0,Chebyshev,Equal,5,0,$\pm$,0,0.12,$\pm$,1.32,85.7,$\pm$,36.16,22,100
9,80,0,Chebyshev,Random,1,0,$\pm$,0,0.35,$\pm$,2.26,4.5,$\pm$,7.25,1,100
9,80,0,Chebyshev,Random,2,0,$\pm$,0,0,$\pm$,0,4.5,$\pm$,7.25,1,100
9,80,0,Chebyshev,Random,3,0,$\pm$,0,0,$\pm$,0,7.5,$\pm$,7.91,1,100
9,80,0,Chebyshev,Random,4,0,$\pm$,0,0,$\pm$,0,5872.6,$\pm$,828.95,3000,10
9,80,0,Chebyshev,Random,5,0,$\pm$,0,0,$\pm$,0,4.5,$\pm$,7.25,1,100
9,80,0,Euclidean,Equal,1,0,$\pm$,0,0.12,$\pm$,1.32,3280.1,$\pm$,3465.3,1164.44,80
9,80,0,Euclidean,Equal,2,0,$\pm$,0,0,$\pm$,0,2841,$\pm$,2348.82,1000.11,90
9,80,0,Euclidean,Equal,3,0,$\pm$,0,0,$\pm$,0,7645.3,$\pm$,3835.6,2528.89,30
9,80,0,Euclidean,Equal,4,0,$\pm$,0,0,$\pm$,0,55.4,$\pm$,37.76,13.89,100
9,80,0,Euclidean,Equal,5,0,$\pm$,0,0,$\pm$,0,11529.9,$\pm$,103.54,3000,0
9,80,0,Euclidean,Random,1,0,$\pm$,0,0.12,$\pm$,1.32,3,$\pm$,6.32,1,100
9,80,0,Euclidean,Random,2,0,$\pm$,0,0.12,$\pm$,1.32,5337.5,$\pm$,1997.81,2502.22,20
9,80,0,Euclidean,Random,3,0,$\pm$,0,0.12,$\pm$,1.32,606.1,$\pm$,616.68,188.89,100
9,80,0,Euclidean,Random,4,0,$\pm$,0,0,$\pm$,0,3,$\pm$,6.32,1,100
9,80,0,Euclidean,Random,5,0,$\pm$,0,0,$\pm$,0,7.5,$\pm$,7.91,1,100
9,80,50,Chebyshev,Equal,1,0,$\pm$,0,0.12,$\pm$,1.32,3,$\pm$,6.32,1,100
9,80,50,Chebyshev,Equal,2,0,$\pm$,0,0.23,$\pm$,1.85,15.7,$\pm$,10.34,6,100
9,80,50,Chebyshev,Equal,3,0,$\pm$,0,0.12,$\pm$,1.32,5760.2,$\pm$,3295.29,2186.67,60
9,80,50,Chebyshev,Equal,4,0,$\pm$,0,0,$\pm$,0,4.5,$\pm$,7.25,1,100
9,80,50,Chebyshev,Equal,5,0,$\pm$,0,0,$\pm$,0,4.5,$\pm$,7.25,1,100
9,80,50,Chebyshev,Random,1,0,$\pm$,0,0,$\pm$,0,7.5,$\pm$,7.91,2.33,100
9,80,50,Chebyshev,Random,2,0,$\pm$,0,0.23,$\pm$,1.85,15.4,$\pm$,0.52,5.22,100
9,80,50,Chebyshev,Random,3,0,$\pm$,0,0,$\pm$,0,4.5,$\pm$,7.25,1,100
9,80,50,Chebyshev,Random,4,0,$\pm$,0,0,$\pm$,0,1.5,$\pm$,4.74,1,100
9,80,50,Chebyshev,Random,5,0,$\pm$,0,0,$\pm$,0,1.5,$\pm$,4.74,1,100
9,80,50,Euclidean,Equal,1,0,$\pm$,0,0.12,$\pm$,1.32,54.1,$\pm$,26.1,22,100
9,80,50,Euclidean,Equal,2,0,$\pm$,0,0,$\pm$,0,6,$\pm$,7.75,1.33,100
9,80,50,Euclidean,Equal,3,0,$\pm$,0,0.01,$\pm$,0.09,8.6,$\pm$,7.5,3.11,100
9,80,50,Euclidean,Equal,4,0,$\pm$,0,0,$\pm$,0,21.8,$\pm$,7.93,8.78,100
9,80,50,Euclidean,Equal,5,0,$\pm$,0,0,$\pm$,0,4665.9,$\pm$,3986.22,1673.44,40
9,80,50,Euclidean,Random,1,0,$\pm$,0,0,$\pm$,0,0,$\pm$,0,1,100
9,80,50,Euclidean,Random,2,0,$\pm$,0,0.12,$\pm$,1.32,1405.6,$\pm$,1402.62,617.78,100
9,80,50,Euclidean,Random,3,0,$\pm$,0,0,$\pm$,0,3,$\pm$,6.32,1,100
9,80,50,Euclidean,Random,4,0,$\pm$,0,0,$\pm$,0,4.5,$\pm$,7.25,1,100
9,80,50,Euclidean,Random,5,0,$\pm$,0,0.12,$\pm$,1.32,7.6,$\pm$,8.02,2.78,100
9,80,85,Chebyshev,Equal,1,0,$\pm$,0,0,$\pm$,0,1.5,$\pm$,4.74,1,100
9,80,85,Chebyshev,Equal,2,0,$\pm$,0,0,$\pm$,0,1.5,$\pm$,4.74,1,100
9,80,85,Chebyshev,Equal,3,0,$\pm$,0,0,$\pm$,0,3,$\pm$,6.32,1,100
9,80,85,Chebyshev,Equal,4,0,$\pm$,0,0,$\pm$,0,4.5,$\pm$,7.25,1,100
9,80,85,Chebyshev,Equal,5,0,$\pm$,0,0,$\pm$,0,6,$\pm$,7.75,1,100
9,80,85,Chebyshev,Random,1,0,$\pm$,0,0,$\pm$,0,4.5,$\pm$,7.25,1,100
9,80,85,Chebyshev,Random,2,0,$\pm$,0,0,$\pm$,0,3,$\pm$,6.32,1,100
9,80,85,Chebyshev,Random,3,0,$\pm$,0,0,$\pm$,0,3,$\pm$,6.32,1,100
9,80,85,Chebyshev,Random,4,0,$\pm$,0,0,$\pm$,0,4.5,$\pm$,7.25,1,100
9,80,85,Chebyshev,Random,5,0,$\pm$,0,0,$\pm$,0,4.5,$\pm$,7.25,1,100
9,80,85,Euclidean,Equal,1,0,$\pm$,0,0.12,$\pm$,1.32,6.1,$\pm$,7.88,3.56,100
9,80,85,Euclidean,Equal,2,0,$\pm$,0,0,$\pm$,0,3,$\pm$,6.32,1,100
9,80,85,Euclidean,Equal,3,0,$\pm$,0,0,$\pm$,0,4.5,$\pm$,7.25,1,100
9,80,85,Euclidean,Equal,4,0,$\pm$,0,0,$\pm$,0,4.5,$\pm$,7.25,1,100
9,80,85,Euclidean,Equal,5,0,$\pm$,0,0,$\pm$,0,3,$\pm$,6.32,1.11,100
9,80,85,Euclidean,Random,1,0,$\pm$,0,0,$\pm$,0,7.6,$\pm$,8.02,2.67,100
9,80,85,Euclidean,Random,2,0,$\pm$,0,0.23,$\pm$,1.85,7.5,$\pm$,7.91,2.56,100
9,80,85,Euclidean,Random,3,0,$\pm$,0,0.12,$\pm$,1.32,3,$\pm$,6.32,1,100
9,80,85,Euclidean,Random,4,0,$\pm$,0,0,$\pm$,0,6,$\pm$,7.75,1,100
9,80,85,Euclidean,Random,5,0,$\pm$,0,0,$\pm$,0,4.5,$\pm$,7.25,1,100
9,95,0,Chebyshev,Equal,1,0,$\pm$,0,0,$\pm$,0,57.5,$\pm$,30.4,22.33,100
9,95,0,Chebyshev,Equal,2,0,$\pm$,0,0.47,$\pm$,2.6,10576.8,$\pm$,133.7,3000,0
9,95,0,Chebyshev,Equal,3,0,$\pm$,0,0.23,$\pm$,1.85,8195.2,$\pm$,1649.78,2800,10
9,95,0,Chebyshev,Equal,4,0,$\pm$,0,0.12,$\pm$,1.32,9,$\pm$,7.75,2.33,100
9,95,0,Chebyshev,Equal,5,0,$\pm$,0,0,$\pm$,0,9,$\pm$,7.75,2.11,100
9,95,0,Chebyshev,Random,1,0,$\pm$,0,0.23,$\pm$,1.85,1658.2,$\pm$,1434.82,862.33,100
9,95,0,Chebyshev,Random,2,0,$\pm$,0,0,$\pm$,0,21.7,$\pm$,8.01,6.67,100
9,95,0,Chebyshev,Random,3,0,$\pm$,0,0,$\pm$,0,6,$\pm$,7.75,2.33,100
9,95,0,Chebyshev,Random,4,0,$\pm$,0,0,$\pm$,0,1174.8,$\pm$,827.23,571.11,100
9,95,0,Chebyshev,Random,5,0,$\pm$,0,0,$\pm$,0,3,$\pm$,6.32,1,100
9,95,0,Euclidean,Equal,1,0,$\pm$,0,0,$\pm$,0,149.6,$\pm$,136.25,47.22,100
9,95,0,Euclidean,Equal,2,0,$\pm$,0,0,$\pm$,0,34.1,$\pm$,14.25,13.56,100
9,95,0,Euclidean,Equal,3,0,$\pm$,0,0.12,$\pm$,1.32,3843.4,$\pm$,3156,1293.33,90
9,95,0,Euclidean,Equal,4,0,$\pm$,0,0,$\pm$,0,48.3,$\pm$,28.08,17.67,100
9,95,0,Euclidean,Equal,5,0,$\pm$,0,0,$\pm$,0,9986.2,$\pm$,99.12,3000,0
9,95,0,Euclidean,Random,1,0,$\pm$,0,0,$\pm$,0,1.5,$\pm$,4.74,1,100
9,95,0,Euclidean,Random,2,0,$\pm$,0,0,$\pm$,0,10625.5,$\pm$,99.15,3000,0
9,95,0,Euclidean,Random,3,0,$\pm$,0,0.12,$\pm$,1.32,7672.7,$\pm$,75.54,3000,0
9,95,0,Euclidean,Random,4,0,$\pm$,0,0,$\pm$,0,1.5,$\pm$,4.74,1,100
9,95,0,Euclidean,Random,5,0,$\pm$,0,0.12,$\pm$,1.32,7971.9,$\pm$,68.88,3000,0
9,95,50,Chebyshev,Equal,1,0,$\pm$,0,0,$\pm$,0,9.2,$\pm$,7.93,2.78,100
9,95,50,Chebyshev,Equal,2,0,$\pm$,0,0.23,$\pm$,1.85,4.5,$\pm$,7.25,2.56,100
9,95,50,Chebyshev,Equal,3,0,$\pm$,0,0,$\pm$,0,4.5,$\pm$,7.25,1,100
9,95,50,Chebyshev,Equal,4,0,$\pm$,0,0,$\pm$,0,7.6,$\pm$,8.02,2.56,100
9,95,50,Chebyshev,Equal,5,0,$\pm$,0,0.12,$\pm$,1.32,9.1,$\pm$,7.84,2.56,100
9,95,50,Chebyshev,Random,1,0,$\pm$,0,0.12,$\pm$,1.32,7.7,$\pm$,8.12,2.44,100
9,95,50,Chebyshev,Random,2,0,$\pm$,0,0,$\pm$,0,3,$\pm$,6.32,2.11,100
9,95,50,Chebyshev,Random,3,0,$\pm$,0,0.12,$\pm$,1.32,9,$\pm$,7.75,1.33,100
9,95,50,Chebyshev,Random,4,0,$\pm$,0,0.12,$\pm$,1.32,3,$\pm$,6.32,1,100
9,95,50,Chebyshev,Random,5,0,$\pm$,0,0.12,$\pm$,1.32,7.5,$\pm$,7.91,1.78,100
9,95,50,Euclidean,Equal,1,0,$\pm$,0,0,$\pm$,0,1.6,$\pm$,5.06,1,100
9,95,50,Euclidean,Equal,2,0,$\pm$,0,0.12,$\pm$,1.32,6,$\pm$,7.75,2.11,100
9,95,50,Euclidean,Equal,3,0,$\pm$,0,0.01,$\pm$,0.09,6,$\pm$,7.75,1,100
9,95,50,Euclidean,Equal,4,0,$\pm$,0,0.12,$\pm$,1.32,124.8,$\pm$,97.08,63.89,100
9,95,50,Euclidean,Equal,5,0,$\pm$,0,0,$\pm$,0,4.5,$\pm$,7.25,1.11,100
9,95,50,Euclidean,Random,1,0,$\pm$,0,0,$\pm$,0,1.5,$\pm$,4.74,1,100
9,95,50,Euclidean,Random,2,0,$\pm$,0,0.23,$\pm$,1.85,3,$\pm$,6.32,1,100
9,95,50,Euclidean,Random,3,0,$\pm$,0,0,$\pm$,0,3,$\pm$,6.32,1,100
9,95,50,Euclidean,Random,4,0,$\pm$,0,0.12,$\pm$,1.32,4.5,$\pm$,7.25,2.11,100
9,95,50,Euclidean,Random,5,0,$\pm$,0,0,$\pm$,0,102.8,$\pm$,69.38,51.11,100
9,95,85,Chebyshev,Equal,1,0,$\pm$,0,0,$\pm$,0,0,$\pm$,0,1,100
9,95,85,Chebyshev,Equal,2,0,$\pm$,0,0,$\pm$,0,4.5,$\pm$,7.25,1,100
9,95,85,Chebyshev,Equal,3,0,$\pm$,0,0,$\pm$,0,4.5,$\pm$,7.25,1,100
9,95,85,Chebyshev,Equal,4,0,$\pm$,0,0,$\pm$,0,3,$\pm$,6.32,1,100
9,95,85,Chebyshev,Equal,5,0,$\pm$,0,0,$\pm$,0,4.5,$\pm$,7.25,1,100
9,95,85,Chebyshev,Random,1,0,$\pm$,0,0,$\pm$,0,3,$\pm$,6.32,1.56,100
9,95,85,Chebyshev,Random,2,0,$\pm$,0,0,$\pm$,0,3,$\pm$,6.32,1,100
9,95,85,Chebyshev,Random,3,0,$\pm$,0,0,$\pm$,0,4.5,$\pm$,7.25,1,100
9,95,85,Chebyshev,Random,4,0,$\pm$,0,0,$\pm$,0,4.5,$\pm$,7.25,1,100
9,95,85,Chebyshev,Random,5,0,$\pm$,0,0,$\pm$,0,4.5,$\pm$,7.25,1,100
9,95,85,Euclidean,Equal,1,0,$\pm$,0,0,$\pm$,0,4.5,$\pm$,7.25,1,100
9,95,85,Euclidean,Equal,2,0,$\pm$,0,0,$\pm$,0,3,$\pm$,6.32,1,100
9,95,85,Euclidean,Equal,3,0,$\pm$,0,0,$\pm$,0,4.5,$\pm$,7.25,1,100
9,95,85,Euclidean,Equal,4,0,$\pm$,0,0,$\pm$,0,0,$\pm$,0,1,100
9,95,85,Euclidean,Equal,5,0,$\pm$,0,0,$\pm$,0,1.5,$\pm$,4.74,1,100
9,95,85,Euclidean,Random,1,0,$\pm$,0,0,$\pm$,0,4.5,$\pm$,7.25,1,100
9,95,85,Euclidean,Random,2,0,$\pm$,0,0.12,$\pm$,1.32,3,$\pm$,6.32,1.78,100
9,95,85,Euclidean,Random,3,0,$\pm$,0,0.12,$\pm$,1.32,0,$\pm$,0,1,100
9,95,85,Euclidean,Random,4,0,$\pm$,0,0.12,$\pm$,1.32,3,$\pm$,6.32,1,100
9,95,85,Euclidean,Random,5,0,$\pm$,0,0.23,$\pm$,1.85,1.5,$\pm$,4.74,1,100
100,50,0,Chebyshev,Equal,1,0.8,$\pm$,0.4,0.85,$\pm$,1.28,500122.9,$\pm$,10533.14,3000,0
100,50,0,Chebyshev,Equal,2,0.4,$\pm$,0.49,0.91,$\pm$,1.1,487327.5,$\pm$,1348.36,3000,0
100,50,0,Chebyshev,Equal,3,0.6,$\pm$,0.49,0.93,$\pm$,1.32,513147.2,$\pm$,3288.53,3000,0
100,50,0,Chebyshev,Equal,4,0.2,$\pm$,0.4,0.87,$\pm$,1.21,420825.9,$\pm$,1085.42,3000,0
100,50,0,Chebyshev,Equal,5,1,$\pm$,0,1.54,$\pm$,1.49,840566.2,$\pm$,28265.63,3000,0
100,50,0,Chebyshev,Random,1,0.4,$\pm$,0.49,0.51,$\pm$,0.54,90.4,$\pm$,16.92,1,100
100,50,0,Chebyshev,Random,2,0.6,$\pm$,0.49,0.5,$\pm$,0.5,95.9,$\pm$,14.35,1,100
100,50,0,Chebyshev,Random,3,0.8,$\pm$,0.4,0.56,$\pm$,0.51,355.3,$\pm$,113.47,5.56,100
100,50,0,Chebyshev,Random,4,0.6,$\pm$,0.49,0.57,$\pm$,0.49,91.2,$\pm$,11.68,1,100
100,50,0,Chebyshev,Random,5,0.6,$\pm$,0.49,0.6,$\pm$,0.53,98.2,$\pm$,14.31,1,100
100,50,0,Euclidean,Equal,1,0.4,$\pm$,0.49,1,$\pm$,1.09,445252.4,$\pm$,26997.46,3000,0
100,50,0,Euclidean,Equal,2,1,$\pm$,0,1.25,$\pm$,1.51,436798.1,$\pm$,156955.12,2680,11.11
100,50,0,Euclidean,Equal,3,0.6,$\pm$,0.49,0.91,$\pm$,1.07,241251.6,$\pm$,238551.95,1715.67,44.44
100,50,0,Euclidean,Equal,4,0.4,$\pm$,0.49,0.92,$\pm$,1.11,481013.1,$\pm$,13617.32,3000,0
100,50,0,Euclidean,Equal,5,0.8,$\pm$,0.4,0.93,$\pm$,1.17,482743.4,$\pm$,27659.57,3000,0
100,50,0,Euclidean,Random,1,0.6,$\pm$,0.49,0.47,$\pm$,0.5,101.5,$\pm$,8.48,1,100
100,50,0,Euclidean,Random,2,0.6,$\pm$,0.49,0.63,$\pm$,0.58,117.2,$\pm$,28.63,1,100
100,50,0,Euclidean,Random,3,0.4,$\pm$,0.49,0.55,$\pm$,0.5,115.9,$\pm$,18.36,1,100
100,50,0,Euclidean,Random,4,0.6,$\pm$,0.49,0.53,$\pm$,0.5,98.6,$\pm$,9.31,1,100
100,50,0,Euclidean,Random,5,0.2,$\pm$,0.4,0.63,$\pm$,0.5,130.1,$\pm$,9.52,1,100
100,50,50,Chebyshev,Equal,1,1.4,$\pm$,0.49,1.12,$\pm$,0.66,568683.6,$\pm$,37645.56,3000,0
100,50,50,Chebyshev,Equal,2,1,$\pm$,0,1.16,$\pm$,0.55,634661.9,$\pm$,49911.62,3000,0
100,50,50,Chebyshev,Equal,3,1.2,$\pm$,0.4,1.41,$\pm$,0.67,870697.7,$\pm$,27791.31,3000,0
100,50,50,Chebyshev,Equal,4,0.6,$\pm$,0.49,0.85,$\pm$,0.64,218439.6,$\pm$,27204.41,3000,0
100,50,50,Chebyshev,Equal,5,0.6,$\pm$,0.49,0.99,$\pm$,0.63,442179.1,$\pm$,28314.34,3000,0
100,50,50,Chebyshev,Random,1,0.2,$\pm$,0.4,0.47,$\pm$,0.5,79312.1,$\pm$,54676.64,2000.33,33.33
100,50,50,Chebyshev,Random,2,0.2,$\pm$,0.4,0.65,$\pm$,0.48,203103.1,$\pm$,2412.73,3000,0
100,50,50,Chebyshev,Random,3,0.6,$\pm$,0.49,0.68,$\pm$,0.53,123562.7,$\pm$,130516.58,1333.89,55.56
100,50,50,Chebyshev,Random,4,0,$\pm$,0,0.57,$\pm$,0.53,171.2,$\pm$,46.33,4.33,100
100,50,50,Chebyshev,Random,5,0.4,$\pm$,0.49,0.8,$\pm$,0.52,199405.1,$\pm$,104915.43,2335.22,22.22
100,50,50,Euclidean,Equal,1,0.8,$\pm$,0.75,1.21,$\pm$,0.99,518851,$\pm$,17261.91,3000,0
100,50,50,Euclidean,Equal,2,1.2,$\pm$,0.4,1.58,$\pm$,1.03,819795.9,$\pm$,53356.14,3000,0
100,50,50,Euclidean,Equal,3,0.6,$\pm$,0.49,0.93,$\pm$,0.65,434063.6,$\pm$,13198.92,3000,0
100,50,50,Euclidean,Equal,4,1.2,$\pm$,0.4,1.05,$\pm$,0.7,580983.6,$\pm$,13833.38,3000,0
100,50,50,Euclidean,Equal,5,0.6,$\pm$,0.49,1.16,$\pm$,0.64,604091.8,$\pm$,11003.5,3000,0
100,50,50,Euclidean,Random,1,0.8,$\pm$,0.4,1,$\pm$,0.58,383294,$\pm$,11550.74,3000,0
100,50,50,Euclidean,Random,2,0.6,$\pm$,0.49,0.62,$\pm$,0.64,164131.3,$\pm$,1340,3000,0
100,50,50,Euclidean,Random,3,0.6,$\pm$,0.49,0.66,$\pm$,0.51,169199.2,$\pm$,758.53,3000,0
100,50,50,Euclidean,Random,4,0.4,$\pm$,0.49,0.53,$\pm$,0.5,1967.6,$\pm$,846.69,48.33,100
100,50,50,Euclidean,Random,5,0.8,$\pm$,0.75,0.74,$\pm$,0.5,68166.4,$\pm$,109507.08,1000.67,66.67
100,50,85,Chebyshev,Equal,1,1,$\pm$,0,0.49,$\pm$,0.54,154708.5,$\pm$,3945.38,3000,0
100,50,85,Chebyshev,Equal,2,0.6,$\pm$,0.49,0.44,$\pm$,0.5,102390.7,$\pm$,15800.23,3000,0
100,50,85,Chebyshev,Equal,3,0.6,$\pm$,0.49,0.55,$\pm$,0.51,94357.5,$\pm$,16955.31,2782.22,22.22
100,50,85,Chebyshev,Equal,4,0.2,$\pm$,0.4,0.67,$\pm$,0.48,151393.1,$\pm$,401.7,3000,0
100,50,85,Chebyshev,Equal,5,1,$\pm$,0.63,0.51,$\pm$,0.52,22878.6,$\pm$,18976.44,707.22,100
100,50,85,Chebyshev,Random,1,0.6,$\pm$,0.49,0.41,$\pm$,0.49,1226.4,$\pm$,375.39,50.67,100
100,50,85,Chebyshev,Random,2,0.4,$\pm$,0.49,0.39,$\pm$,0.49,451.4,$\pm$,245.76,46.44,100
100,50,85,Chebyshev,Random,3,0.4,$\pm$,0.49,0.47,$\pm$,0.51,17471.5,$\pm$,15741.13,920,88.89
100,50,85,Chebyshev,Random,4,0.4,$\pm$,0.49,0.44,$\pm$,0.51,3761.4,$\pm$,2365.82,164.67,100
100,50,85,Chebyshev,Random,5,0.4,$\pm$,0.49,0.4,$\pm$,0.49,17.1,$\pm$,4.91,1,100
100,50,85,Euclidean,Equal,1,0.6,$\pm$,0.49,0.63,$\pm$,0.51,127121.8,$\pm$,726.73,3000,0
100,50,85,Euclidean,Equal,2,0.6,$\pm$,0.49,0.5,$\pm$,0.5,88124.7,$\pm$,828.23,3000,0
100,50,85,Euclidean,Equal,3,0.8,$\pm$,0.4,0.58,$\pm$,0.52,21212.7,$\pm$,16009.14,378,100
100,50,85,Euclidean,Equal,4,0.6,$\pm$,0.49,0.52,$\pm$,0.5,155273.8,$\pm$,7070.54,3000,0
100,50,85,Euclidean,Equal,5,0.6,$\pm$,0.49,0.53,$\pm$,0.53,135580.8,$\pm$,2280.21,3000,0
100,50,85,Euclidean,Random,1,0.8,$\pm$,0.4,0.53,$\pm$,0.51,106138.5,$\pm$,678.39,3000,0
100,50,85,Euclidean,Random,2,0.2,$\pm$,0.4,0.6,$\pm$,0.98,61687.5,$\pm$,402.02,3000,0
100,50,85,Euclidean,Random,3,0.2,$\pm$,0.4,0.41,$\pm$,0.52,3948.1,$\pm$,12298.42,336.78,88.89
100,50,85,Euclidean,Random,4,0.8,$\pm$,0.4,0.47,$\pm$,0.5,15.9,$\pm$,7.31,1,100
100,50,85,Euclidean,Random,5,1,$\pm$,0,0.42,$\pm$,0.51,84.4,$\pm$,18.4,5.22,100
100,80,0,Chebyshev,Equal,1,0.8,$\pm$,0.4,1,$\pm$,1.28,416002,$\pm$,8432.78,3000,0
100,80,0,Chebyshev,Equal,2,0.4,$\pm$,0.49,1.08,$\pm$,1.39,396753.7,$\pm$,11284.08,3000,0
100,80,0,Chebyshev,Equal,3,0.6,$\pm$,0.49,0.88,$\pm$,1.5,305572.8,$\pm$,101937.09,2684.67,11.11
100,80,0,Chebyshev,Equal,4,0.6,$\pm$,0.49,0.74,$\pm$,1.23,279316.1,$\pm$,98038.28,2667,11.11
100,80,0,Chebyshev,Equal,5,0.6,$\pm$,0.49,0.91,$\pm$,1.23,434937.1,$\pm$,8166.43,3000,0
100,80,0,Chebyshev,Random,1,0.8,$\pm$,0.4,0.44,$\pm$,0.5,93.6,$\pm$,16.45,1,100
100,80,0,Chebyshev,Random,2,0.8,$\pm$,0.4,0.64,$\pm$,0.53,235.8,$\pm$,40.72,3.78,100
100,80,0,Chebyshev,Random,3,0.6,$\pm$,0.49,0.48,$\pm$,0.53,80.9,$\pm$,14.42,1,100
100,80,0,Chebyshev,Random,4,0.6,$\pm$,0.49,0.59,$\pm$,0.55,122542.6,$\pm$,64541.2,2333.56,22.22
100,80,0,Chebyshev,Random,5,0,$\pm$,0,0.57,$\pm$,0.54,6282.6,$\pm$,3575.8,139.89,100
100,80,0,Euclidean,Equal,1,0.6,$\pm$,0.49,1.03,$\pm$,1.36,300150.2,$\pm$,19051.01,3000,0
100,80,0,Euclidean,Equal,2,0,$\pm$,0,1.17,$\pm$,1.42,542738.8,$\pm$,20143.54,3000,0
100,80,0,Euclidean,Equal,3,0.6,$\pm$,0.8,0.8,$\pm$,1.14,295468.2,$\pm$,8638.97,3000,0
100,80,0,Euclidean,Equal,4,1.2,$\pm$,1.17,1.36,$\pm$,1.23,551224.4,$\pm$,16032.54,3000,0
100,80,0,Euclidean,Equal,5,0.6,$\pm$,0.49,0.99,$\pm$,1.24,364054.2,$\pm$,1864.89,3000,0
100,80,0,Euclidean,Random,1,0.4,$\pm$,0.49,0.62,$\pm$,0.53,139286.6,$\pm$,24505.32,2760,22.22
100,80,0,Euclidean,Random,2,0.4,$\pm$,0.49,0.69,$\pm$,0.53,211309.5,$\pm$,4721.59,3000,0
100,80,0,Euclidean,Random,3,0.6,$\pm$,0.49,0.56,$\pm$,0.51,199.9,$\pm$,30.12,3.44,100
100,80,0,Euclidean,Random,4,0.6,$\pm$,0.49,0.58,$\pm$,0.57,197269.2,$\pm$,1066.6,3000,0
100,80,0,Euclidean,Random,5,0.4,$\pm$,0.49,0.6,$\pm$,0.51,104.9,$\pm$,12.65,1,100
100,80,50,Chebyshev,Equal,1,1.2,$\pm$,0.4,1.34,$\pm$,0.74,618682.5,$\pm$,20412.14,3000,0
100,80,50,Chebyshev,Equal,2,1,$\pm$,0.63,1.34,$\pm$,0.78,518839.3,$\pm$,12864.49,3000,0
100,80,50,Chebyshev,Equal,3,1.2,$\pm$,0.4,1.4,$\pm$,0.71,671404.6,$\pm$,13673.14,3000,0
100,80,50,Chebyshev,Equal,4,0.8,$\pm$,0.4,1.24,$\pm$,0.7,455926.5,$\pm$,3839.07,3000,0
100,80,50,Chebyshev,Equal,5,0.6,$\pm$,0.49,1.22,$\pm$,0.72,446621.1,$\pm$,10229.14,3000,0
100,80,50,Chebyshev,Random,1,0.6,$\pm$,0.49,0.72,$\pm$,0.54,186892.4,$\pm$,51746.1,3000,0
100,80,50,Chebyshev,Random,2,0.8,$\pm$,0.4,0.81,$\pm$,0.55,468752.6,$\pm$,284670.63,3000,0
100,80,50,Chebyshev,Random,3,1,$\pm$,0,0.65,$\pm$,0.54,264848.5,$\pm$,8869.22,3000,0
100,80,50,Chebyshev,Random,4,0.6,$\pm$,0.49,0.95,$\pm$,0.54,412367.2,$\pm$,21644.61,3000,0
100,80,50,Chebyshev,Random,5,0.8,$\pm$,0.4,0.8,$\pm$,0.56,365807.7,$\pm$,14459.54,3000,0
100,80,50,Euclidean,Equal,1,1,$\pm$,0.63,1,$\pm$,0.69,361079.8,$\pm$,22861.92,3000,0
100,80,50,Euclidean,Equal,2,1,$\pm$,0,1.24,$\pm$,0.59,496553.9,$\pm$,13900.05,3000,0
100,80,50,Euclidean,Equal,3,1,$\pm$,0.63,1.17,$\pm$,0.74,482982.5,$\pm$,5645.31,3000,0
100,80,50,Euclidean,Equal,4,1,$\pm$,0,1.31,$\pm$,0.72,517414.9,$\pm$,60546.66,3000,0
100,80,50,Euclidean,Equal,5,1,$\pm$,0,1.09,$\pm$,0.6,378609,$\pm$,9100.8,3000,0
100,80,50,Euclidean,Random,1,1,$\pm$,0,0.9,$\pm$,0.48,250649.9,$\pm$,5831.2,3000,0
100,80,50,Euclidean,Random,2,0.6,$\pm$,0.49,0.76,$\pm$,0.55,223672.2,$\pm$,7460.79,3000,0
100,80,50,Euclidean,Random,3,1,$\pm$,0,1.16,$\pm$,0.54,340946.5,$\pm$,4448.68,3000,0
100,80,50,Euclidean,Random,4,0.6,$\pm$,0.49,0.72,$\pm$,0.5,154250.2,$\pm$,4093.33,3000,0
100,80,50,Euclidean,Random,5,0.4,$\pm$,0.49,0.53,$\pm$,0.53,84499.2,$\pm$,13969.4,2835.56,11.11
100,80,85,Chebyshev,Equal,1,0.4,$\pm$,0.49,0.57,$\pm$,0.54,67329.3,$\pm$,682.66,3000,0
100,80,85,Chebyshev,Equal,2,0.4,$\pm$,0.49,0.57,$\pm$,0.58,90359.3,$\pm$,567.52,3000,0
100,80,85,Chebyshev,Equal,3,0.8,$\pm$,0.4,0.43,$\pm$,0.5,100288.9,$\pm$,2840.86,3000,0
100,80,85,Chebyshev,Equal,4,0.8,$\pm$,0.4,0.58,$\pm$,0.52,85607.2,$\pm$,4628.23,3000,0
100,80,85,Chebyshev,Equal,5,0.4,$\pm$,0.49,0.53,$\pm$,0.5,97145.9,$\pm$,2652.76,3000,0
100,80,85,Chebyshev,Random,1,0.6,$\pm$,0.49,0.43,$\pm$,0.49,65701.9,$\pm$,1850.49,3000,0
100,80,85,Chebyshev,Random,2,0.6,$\pm$,0.49,0.57,$\pm$,0.59,61482.4,$\pm$,67.33,3000,0
100,80,85,Chebyshev,Random,3,0.4,$\pm$,0.49,0.58,$\pm$,0.49,106516.4,$\pm$,862.15,3000,0
100,80,85,Chebyshev,Random,4,0.6,$\pm$,0.49,0.57,$\pm$,0.5,87391.1,$\pm$,921.78,3000,0
100,80,85,Chebyshev,Random,5,0.8,$\pm$,0.4,0.48,$\pm$,0.5,59268.8,$\pm$,769.15,3000,0
100,80,85,Euclidean,Equal,1,0.4,$\pm$,0.49,0.49,$\pm$,0.5,72748.6,$\pm$,2782.94,3000,0
100,80,85,Euclidean,Equal,2,0.8,$\pm$,0.4,0.48,$\pm$,0.51,61680.8,$\pm$,134.68,3000,0
100,80,85,Euclidean,Equal,3,0.4,$\pm$,0.49,0.64,$\pm$,0.5,85224.9,$\pm$,583.27,3000,0
100,80,85,Euclidean,Equal,4,0.4,$\pm$,0.49,0.56,$\pm$,0.51,70106.1,$\pm$,1062.94,3000,0
100,80,85,Euclidean,Equal,5,0.6,$\pm$,0.49,0.61,$\pm$,0.66,82417.8,$\pm$,3418.99,3000,0
100,80,85,Euclidean,Random,1,0.8,$\pm$,0.4,0.64,$\pm$,0.58,30132.3,$\pm$,32657.89,1013.44,77.78
100,80,85,Euclidean,Random,2,0.6,$\pm$,0.49,0.47,$\pm$,0.5,45641.5,$\pm$,638.45,3000,0
100,80,85,Euclidean,Random,3,0.4,$\pm$,0.49,0.43,$\pm$,0.51,66985.6,$\pm$,934.2,3000,0
100,80,85,Euclidean,Random,4,0.2,$\pm$,0.4,0.53,$\pm$,0.5,63378.6,$\pm$,709.88,3000,0
100,80,85,Euclidean,Random,5,0.8,$\pm$,0.4,0.57,$\pm$,0.51,80191.7,$\pm$,2492.55,3000,0
100,95,0,Chebyshev,Equal,1,0.2,$\pm$,0.4,0.53,$\pm$,0.59,83515.2,$\pm$,162.59,3000,0
100,95,0,Chebyshev,Equal,2,0.8,$\pm$,0.4,0.6,$\pm$,0.66,110603.9,$\pm$,6670.14,3000,0
100,95,0,Chebyshev,Equal,3,0.8,$\pm$,0.4,0.58,$\pm$,0.59,107850.2,$\pm$,4167.76,3000,0
100,95,0,Chebyshev,Equal,4,0.6,$\pm$,0.49,0.64,$\pm$,0.58,93454.1,$\pm$,1093.69,3000,0
100,95,0,Chebyshev,Equal,5,0.4,$\pm$,0.49,0.57,$\pm$,0.57,86925.7,$\pm$,533.42,3000,0
100,95,0,Chebyshev,Random,1,0.8,$\pm$,0.4,0.5,$\pm$,0.53,74000.8,$\pm$,859.87,3000,0
100,95,0,Chebyshev,Random,2,0.6,$\pm$,0.49,0.53,$\pm$,0.51,67154.9,$\pm$,1229.35,3000,0
100,95,0,Chebyshev,Random,3,0.6,$\pm$,0.49,0.46,$\pm$,0.5,32.6,$\pm$,5.06,1,100
100,95,0,Chebyshev,Random,4,0.8,$\pm$,0.4,0.53,$\pm$,0.5,18824,$\pm$,30248.68,1000.67,66.67
100,95,0,Chebyshev,Random,5,0.4,$\pm$,0.49,0.44,$\pm$,0.5,1207.6,$\pm$,690.53,68,100
100,95,0,Euclidean,Equal,1,0.6,$\pm$,0.49,0.59,$\pm$,0.62,105695.6,$\pm$,13188.27,3000,0
100,95,0,Euclidean,Equal,2,0.4,$\pm$,0.49,0.6,$\pm$,0.68,93974.3,$\pm$,5657.64,3000,0
100,95,0,Euclidean,Equal,3,0.2,$\pm$,0.4,0.6,$\pm$,0.65,99744.4,$\pm$,1458.73,3000,0
100,95,0,Euclidean,Equal,4,0.2,$\pm$,0.4,0.51,$\pm$,0.57,53611.7,$\pm$,25782.57,1960,66.67
100,95,0,Euclidean,Equal,5,0.2,$\pm$,0.4,0.54,$\pm$,0.67,93846.4,$\pm$,2323.77,3000,0
100,95,0,Euclidean,Random,1,0.4,$\pm$,0.49,0.38,$\pm$,0.49,125.4,$\pm$,26.54,7,100
100,95,0,Euclidean,Random,2,0.6,$\pm$,0.49,0.47,$\pm$,0.5,53425.1,$\pm$,27720.97,2342.33,22.22
100,95,0,Euclidean,Random,3,0.4,$\pm$,0.49,0.58,$\pm$,0.49,72647.6,$\pm$,116.22,3000,0
100,95,0,Euclidean,Random,4,0.4,$\pm$,0.49,0.44,$\pm$,0.5,3812.8,$\pm$,6359.81,217.33,100
100,95,0,Euclidean,Random,5,0.6,$\pm$,0.49,0.57,$\pm$,0.57,90874.2,$\pm$,459.48,3000,0
100,95,50,Chebyshev,Equal,1,0.8,$\pm$,0.4,0.62,$\pm$,0.53,162718.8,$\pm$,2434.1,3000,0
100,95,50,Chebyshev,Equal,2,0.4,$\pm$,0.49,0.67,$\pm$,0.5,155682.5,$\pm$,3567.18,3000,0
100,95,50,Chebyshev,Equal,3,0.8,$\pm$,0.4,0.62,$\pm$,0.53,133051.9,$\pm$,1315.52,3000,0
100,95,50,Chebyshev,Equal,4,0.4,$\pm$,0.49,0.67,$\pm$,0.5,181952,$\pm$,8786.88,3000,0
100,95,50,Chebyshev,Equal,5,0.2,$\pm$,0.4,0.59,$\pm$,0.51,134828.4,$\pm$,6327.63,3000,0
100,95,50,Chebyshev,Random,1,0.6,$\pm$,0.49,0.64,$\pm$,0.53,158550.6,$\pm$,3752.05,3000,0
100,95,50,Chebyshev,Random,2,0.4,$\pm$,0.49,0.54,$\pm$,0.5,134143.1,$\pm$,2329.94,3000,0
100,95,50,Chebyshev,Random,3,0.8,$\pm$,0.4,0.64,$\pm$,0.48,149948.5,$\pm$,1428.11,3000,0
100,95,50,Chebyshev,Random,4,0.6,$\pm$,0.49,0.67,$\pm$,0.49,184668.4,$\pm$,10755.83,3000,0
100,95,50,Chebyshev,Random,5,0.4,$\pm$,0.49,0.58,$\pm$,0.52,115342.2,$\pm$,2609.78,3000,0
100,95,50,Euclidean,Equal,1,0.4,$\pm$,0.49,0.62,$\pm$,0.52,125016,$\pm$,6916.99,3000,0
100,95,50,Euclidean,Equal,2,0.4,$\pm$,0.49,0.72,$\pm$,0.5,155836.2,$\pm$,4996.19,3000,0
100,95,50,Euclidean,Equal,3,0.4,$\pm$,0.49,0.79,$\pm$,0.49,175260,$\pm$,6773.73,3000,0
100,95,50,Euclidean,Equal,4,0.8,$\pm$,0.4,0.81,$\pm$,0.43,177742.1,$\pm$,3586.57,3000,0
100,95,50,Euclidean,Equal,5,0.6,$\pm$,0.49,0.73,$\pm$,0.52,185465.5,$\pm$,8774.97,3000,0
100,95,50,Euclidean,Random,1,0.2,$\pm$,0.4,0.74,$\pm$,0.47,183041.3,$\pm$,2257.53,3000,0
100,95,50,Euclidean,Random,2,0.8,$\pm$,0.4,0.65,$\pm$,0.49,144625.6,$\pm$,1421.63,3000,0
100,95,50,Euclidean,Random,3,1,$\pm$,0,0.78,$\pm$,0.51,183684.5,$\pm$,1250.38,3000,0
100,95,50,Euclidean,Random,4,0.8,$\pm$,0.4,0.53,$\pm$,0.53,114217.5,$\pm$,2278.51,3000,0
100,95,50,Euclidean,Random,5,0.6,$\pm$,0.49,0.63,$\pm$,0.51,144117,$\pm$,9234.89,3000,0
100,95,85,Chebyshev,Equal,1,0.2,$\pm$,0.4,0.42,$\pm$,0.49,40631.1,$\pm$,13429.56,2684.44,11.11
100,95,85,Chebyshev,Equal,2,0.8,$\pm$,0.4,0.4,$\pm$,0.49,44018.2,$\pm$,782.37,3000,0
100,95,85,Chebyshev,Equal,3,0.2,$\pm$,0.4,0.49,$\pm$,0.5,49559.3,$\pm$,319.46,3000,0
100,95,85,Chebyshev,Equal,4,0.8,$\pm$,0.75,0.48,$\pm$,0.5,54508.8,$\pm$,582.19,3000,0
100,95,85,Chebyshev,Equal,5,0.6,$\pm$,0.49,0.46,$\pm$,0.5,38690.5,$\pm$,276.69,3000,0
100,95,85,Chebyshev,Random,1,0.2,$\pm$,0.4,0.37,$\pm$,0.48,34976.7,$\pm$,468.1,3000,0
100,95,85,Chebyshev,Random,2,0.4,$\pm$,0.49,0.38,$\pm$,0.5,52155.9,$\pm$,548.75,3000,0
100,95,85,Chebyshev,Random,3,0.2,$\pm$,0.4,0.36,$\pm$,0.48,41361,$\pm$,79.59,3000,0
100,95,85,Chebyshev,Random,4,0.4,$\pm$,0.49,0.46,$\pm$,0.5,45351.2,$\pm$,248.52,3000,0
100,95,85,Chebyshev,Random,5,0.8,$\pm$,0.4,0.39,$\pm$,0.49,44969.4,$\pm$,869.25,3000,0
100,95,85,Euclidean,Equal,1,0.6,$\pm$,0.49,0.43,$\pm$,0.49,48324.6,$\pm$,1412.33,3000,0
100,95,85,Euclidean,Equal,2,0.8,$\pm$,0.75,0.48,$\pm$,0.5,44956.5,$\pm$,741.78,3000,0
100,95,85,Euclidean,Equal,3,0,$\pm$,0,0.5,$\pm$,0.5,46077.9,$\pm$,262.74,3000,0
100,95,85,Euclidean,Equal,4,0.8,$\pm$,0.4,0.53,$\pm$,0.51,50527.4,$\pm$,524.41,3000,0
100,95,85,Euclidean,Equal,5,0.4,$\pm$,0.49,0.47,$\pm$,0.51,48457.7,$\pm$,449.8,3000,0
100,95,85,Euclidean,Random,1,0.6,$\pm$,0.49,0.56,$\pm$,0.53,45780.2,$\pm$,480.35,3000,0
100,95,85,Euclidean,Random,2,0.6,$\pm$,0.49,0.43,$\pm$,0.5,45652.1,$\pm$,919.38,3000,0
100,95,85,Euclidean,Random,3,0.4,$\pm$,0.49,0.4,$\pm$,0.49,35897.1,$\pm$,319.03,3000,0
100,95,85,Euclidean,Random,4,0.2,$\pm$,0.4,0.43,$\pm$,0.5,48810.8,$\pm$,335.79,3000,0
100,95,85,Euclidean,Random,5,0.4,$\pm$,0.49,0.42,$\pm$,0.49,47200.1,$\pm$,1205.47,3000,0
400,50,0,Chebyshev,Equal,1,10,$\pm$,1.1,26.16,$\pm$,75.21,1323151.4,$\pm$,474700.6,3000,0
400,50,0,Chebyshev,Equal,2,9.2,$\pm$,1.17,25.75,$\pm$,75.87,2720487.5,$\pm$,374746.2,3000,0
400,50,0,Chebyshev,Equal,3,10.2,$\pm$,1.6,26.09,$\pm$,75.33,2728016.7,$\pm$,55566.2,3000,0
400,50,0,Chebyshev,Equal,4,13.2,$\pm$,1.33,30.39,$\pm$,79.78,1458127.9,$\pm$,1328462.2,3000,0
400,50,0,Chebyshev,Equal,5,10.6,$\pm$,0.49,26.67,$\pm$,81.08,3651929.9,$\pm$,277927.0,3000,0
400,50,0,Chebyshev,Random,1,5.8,$\pm$,0.98,6.53,$\pm$,1.17,1356.3,$\pm$,158.9,1,100
400,50,0,Chebyshev,Random,2,6.8,$\pm$,1.33,6.95,$\pm$,1.38,3994.4,$\pm$,838.1,5.11,100
400,50,0,Chebyshev,Random,3,6.4,$\pm$,0.49,6.8,$\pm$,1.24,1331.6,$\pm$,148.4,1,100
400,50,0,Chebyshev,Random,4,6,$\pm$,0.89,6.46,$\pm$,1.13,1331.3,$\pm$,132.0,1,100
400,50,0,Chebyshev,Random,5,5.8,$\pm$,0.75,6.87,$\pm$,1.53,1328.1,$\pm$,159.5,1,100
400,50,0,Euclidean,Equal,1,12.8,$\pm$,1.6,26.81,$\pm$,77.8,131506.5,$\pm$,98023.1,90,100
400,50,0,Euclidean,Equal,2,12.2,$\pm$,1.17,30.73,$\pm$,80.49,2326232.8,$\pm$,1469121.2,3000,0
400,50,0,Euclidean,Equal,3,9.6,$\pm$,1.2,26.78,$\pm$,83.77,2244047.3,$\pm$,1404479.0,3000,0
400,50,0,Euclidean,Equal,4,13.6,$\pm$,2.15,29.84,$\pm$,79.52,2780442.8,$\pm$,1182456.7,3000,0
400,50,0,Euclidean,Equal,5,11.8,$\pm$,1.17,28.81,$\pm$,78.2,3252891.8,$\pm$,895873.2,3000,0
400,50,0,Euclidean,Random,1,6.4,$\pm$,0.8,6.43,$\pm$,1.11,1405.0,$\pm$,59.8,1,100
400,50,0,Euclidean,Random,2,5.6,$\pm$,0.49,6.47,$\pm$,1.09,1370.6,$\pm$,93.0,1,100
400,50,0,Euclidean,Random,3,5.6,$\pm$,1.02,6.67,$\pm$,1.12,1396.1,$\pm$,53.9,1,100
400,50,0,Euclidean,Random,4,5,$\pm$,0.63,6.71,$\pm$,1.03,1351.7,$\pm$,59.4,1,100
400,50,0,Euclidean,Random,5,5.8,$\pm$,0.75,6.6,$\pm$,1.25,1392.0,$\pm$,65.1,1,100
400,50,50,Chebyshev,Equal,1,33.6,$\pm$,2.87,37.77,$\pm$,28.33,1454118.5,$\pm$,1597837.5,3000,0
400,50,50,Chebyshev,Equal,2,37.4,$\pm$,4.32,42.16,$\pm$,28.11,2334154.5,$\pm$,1829278.0,3000,0
400,50,50,Chebyshev,Equal,3,34.2,$\pm$,2.32,40.41,$\pm$,30.43,3075384.5,$\pm$,1590446.4,3000,0
400,50,50,Chebyshev,Equal,4,36.6,$\pm$,5.12,44.97,$\pm$,28.6,1822401.5,$\pm$,1065841.7,3000,0
400,50,50,Chebyshev,Equal,5,37.8,$\pm$,2.79,40.83,$\pm$,29.09,2692672.3,$\pm$,1518363.7,3000,0
400,50,50,Chebyshev,Random,1,7.2,$\pm$,1.17,8.7,$\pm$,2.48,2633039.8,$\pm$,564942.0,3000,0
400,50,50,Chebyshev,Random,2,7.8,$\pm$,0.75,8.83,$\pm$,3.32,2775784.3,$\pm$,594877.2,3000,0
400,50,50,Chebyshev,Random,3,11.2,$\pm$,0.75,14.33,$\pm$,7.05,1391460.0,$\pm$,1220977.0,3000,0
400,50,50,Chebyshev,Random,4,12.6,$\pm$,1.36,14.85,$\pm$,7.9,1807725.3,$\pm$,1292363.2,3000,0
400,50,50,Chebyshev,Random,5,8,$\pm$,0.89,9.26,$\pm$,3.6,2768956.8,$\pm$,553361.6,3000,0
400,50,50,Euclidean,Equal,1,29.8,$\pm$,1.72,30.74,$\pm$,26.35,2043891.8,$\pm$,1676518.8,3000,0
400,50,50,Euclidean,Equal,2,36.8,$\pm$,3.19,35.74,$\pm$,28.42,1128670.5,$\pm$,1293392.4,3000,0
400,50,50,Euclidean,Equal,3,26.8,$\pm$,2.23,30.75,$\pm$,25.28,910095.0,$\pm$,1054834.9,3000,0
400,50,50,Euclidean,Equal,4,27.6,$\pm$,1.85,31.51,$\pm$,25.72,1114025.8,$\pm$,1456835.5,3000,0
400,50,50,Euclidean,Equal,5,34.8,$\pm$,2.93,36.74,$\pm$,27.83,2763512.3,$\pm$,1722375.2,3000,0
400,50,50,Euclidean,Random,1,9.4,$\pm$,1.02,8.92,$\pm$,2.28,2182099.5,$\pm$,1504273.0,2250.25,25
400,50,50,Euclidean,Random,2,9,$\pm$,0.63,11.04,$\pm$,4.29,3073421.5,$\pm$,1784164.2,3000,0
400,50,50,Euclidean,Random,3,12,$\pm$,1.26,14.29,$\pm$,5.83,2069461.0,$\pm$,1326898.0,3000,0
400,50,50,Euclidean,Random,4,7.8,$\pm$,0.75,8.98,$\pm$,3.34,2792932.3,$\pm$,418701.0,3000,0
400,50,50,Euclidean,Random,5,11,$\pm$,1.41,12.98,$\pm$,5,1545601.0,$\pm$,784078.1,3000,0
400,50,85,Chebyshev,Equal,1,13.2,$\pm$,2.14,8.7,$\pm$,3.65,2646210.5,$\pm$,380380.1,3000,0
400,50,85,Chebyshev,Equal,2,12.2,$\pm$,0.75,10.36,$\pm$,3.35,1369959.3,$\pm$,1495257.1,3000,0
400,50,85,Chebyshev,Equal,3,12.6,$\pm$,1.62,10.39,$\pm$,4.08,1900223.3,$\pm$,2068889.8,3000,0
400,50,85,Chebyshev,Equal,4,12.4,$\pm$,1.62,9.62,$\pm$,3.87,3544656.8,$\pm$,549402.8,3000,0
400,50,85,Chebyshev,Equal,5,13,$\pm$,1.41,10.18,$\pm$,3.51,1166637.3,$\pm$,1571504.3,3000,0
400,50,85,Chebyshev,Random,1,9,$\pm$,1.1,8.67,$\pm$,1.8,2616010.5,$\pm$,468066.7,3000,0
400,50,85,Chebyshev,Random,2,7.4,$\pm$,0.8,7.91,$\pm$,1.72,2170050.0,$\pm$,406220.0,3000,0
400,50,85,Chebyshev,Random,3,9.2,$\pm$,0.75,8.65,$\pm$,2.33,2766686.0,$\pm$,876667.2,3000,0
400,50,85,Chebyshev,Random,4,7.6,$\pm$,1.02,8.12,$\pm$,1.63,2393923.0,$\pm$,377021.4,3000,0
400,50,85,Chebyshev,Random,5,7,$\pm$,0.89,6.52,$\pm$,1.46,1394023.3,$\pm$,220291.8,3000,0
400,50,85,Euclidean,Equal,1,14.4,$\pm$,1.36,10.71,$\pm$,4.08,1302482.8,$\pm$,198622.1,3000,0
400,50,85,Euclidean,Equal,2,14,$\pm$,1.26,11.06,$\pm$,3.92,959778.3,$\pm$,131471.3,3000,0
400,50,85,Euclidean,Equal,3,14.4,$\pm$,1.2,11.32,$\pm$,3.88,1351307.0,$\pm$,270797.3,3000,0
400,50,85,Euclidean,Equal,4,13.2,$\pm$,1.6,10.71,$\pm$,3.59,1281272.5,$\pm$,182240.4,3000,0
400,50,85,Euclidean,Equal,5,13.6,$\pm$,1.2,10.41,$\pm$,3.87,974694.4,$\pm$,203383.3,3000,0
400,50,85,Euclidean,Random,1,7.6,$\pm$,0.49,7.72,$\pm$,1.54,2041428.8,$\pm$,350694.3,3000,0
400,50,85,Euclidean,Random,2,7.4,$\pm$,1.02,8.09,$\pm$,1.41,2527536.5,$\pm$,397172.0,3000,0
400,50,85,Euclidean,Random,3,9.4,$\pm$,1.74,8.41,$\pm$,1.89,2530883.0,$\pm$,447332.7,3000,0
400,50,85,Euclidean,Random,4,7.6,$\pm$,2.33,7.33,$\pm$,1.35,1963607.8,$\pm$,329866.0,3000,0
400,50,85,Euclidean,Random,5,6.6,$\pm$,0.8,7.36,$\pm$,1.21,2137531.5,$\pm$,383486.8,3000,0
400,80,0,Chebyshev,Equal,1,11,$\pm$,1.26,28.12,$\pm$,82.78,1454642.0,$\pm$,1435965.7,3000,0
400,80,0,Chebyshev,Equal,2,10,$\pm$,1.1,26.1,$\pm$,82.06,1543837.8,$\pm$,1338333.5,3000,0
400,80,0,Chebyshev,Equal,3,9,$\pm$,1.1,25.8,$\pm$,83.48,1059886.0,$\pm$,1473113.0,3000,0
400,80,0,Chebyshev,Equal,4,13.8,$\pm$,1.6,30.8,$\pm$,85.21,2526089.0,$\pm$,1123743.2,3000,0
400,80,0,Chebyshev,Equal,5,8.4,$\pm$,0.8,25.21,$\pm$,82.88,3675972.8,$\pm$,631955.1,3000,0
400,80,0,Chebyshev,Random,1,5,$\pm$,0.63,6.38,$\pm$,1.19,1216.2,$\pm$,63.5,1,100
400,80,0,Chebyshev,Random,2,7,$\pm$,2,6.41,$\pm$,1.34,1267.7,$\pm$,53.9,1,100
400,80,0,Chebyshev,Random,3,5.6,$\pm$,0.8,6.07,$\pm$,1.09,1096.9,$\pm$,59.7,1,100
400,80,0,Chebyshev,Random,4,5.8,$\pm$,0.75,5.95,$\pm$,0.96,1069.0,$\pm$,51.8,1,100
400,80,0,Chebyshev,Random,5,5.2,$\pm$,0.4,6.17,$\pm$,1.2,1051.6,$\pm$,76.6,1,100
400,80,0,Euclidean,Equal,1,8.6,$\pm$,1.02,24.83,$\pm$,81.61,2927591.3,$\pm$,1877794.7,3000,0
400,80,0,Euclidean,Equal,2,8.8,$\pm$,1.17,26.43,$\pm$,88.94,3712964.8,$\pm$,620028.8,3000,0
400,80,0,Euclidean,Equal,3,10,$\pm$,1.67,27.42,$\pm$,86.57,1231490.8,$\pm$,1328466.4,3000,0
400,80,0,Euclidean,Equal,4,13,$\pm$,1.26,30.09,$\pm$,87.45,2486751.5,$\pm$,1227733.0,3000,0
400,80,0,Euclidean,Equal,5,10.4,$\pm$,2.06,25.64,$\pm$,80.52,1764852.5,$\pm$,1545750.3,3000,0
400,80,0,Euclidean,Random,1,5.4,$\pm$,1.02,6.08,$\pm$,1.05,1098.5,$\pm$,78.1,1,100
400,80,0,Euclidean,Random,2,5.8,$\pm$,0.75,6.36,$\pm$,1.11,513446.8,$\pm$,824700.6,1000.67,70
400,80,0,Euclidean,Random,3,5.2,$\pm$,0.98,5.9,$\pm$,0.98,1022.4,$\pm$,34.4,1,100
400,80,0,Euclidean,Random,4,6,$\pm$,0.89,6.44,$\pm$,1.19,1295.4,$\pm$,29.7,1,100
400,80,0,Euclidean,Random,5,5.2,$\pm$,0.4,6.05,$\pm$,0.94,1087.9,$\pm$,52.0,1,100
400,80,50,Chebyshev,Equal,1,39.4,$\pm$,3.83,46.4,$\pm$,32.4,1555816.0,$\pm$,1208300.0,3000,0
400,80,50,Chebyshev,Equal,2,40.4,$\pm$,4.76,44.29,$\pm$,30.76,1990727.0,$\pm$,760630.3,3000,0
400,80,50,Chebyshev,Equal,3,37,$\pm$,4.2,42.33,$\pm$,30.68,2681456.0,$\pm$,1588908.3,3000,0
400,80,50,Chebyshev,Equal,4,33,$\pm$,1.9,37.49,$\pm$,29.48,1645919.8,$\pm$,1577114.6,3000,0
400,80,50,Chebyshev,Equal,5,41.6,$\pm$,1.62,47.69,$\pm$,32.11,2681252.0,$\pm$,1520349.0,3000,0
400,80,50,Chebyshev,Random,1,25.4,$\pm$,4.67,28.8,$\pm$,16.48,3188719.7,$\pm$,631850.1,3000,0
400,80,50,Chebyshev,Random,2,20,$\pm$,1.79,22.81,$\pm$,14.58,2043058.3,$\pm$,1700942.0,3000,0
400,80,50,Chebyshev,Random,3,18.4,$\pm$,2.87,22.03,$\pm$,13.57,1781072.7,$\pm$,1302962.5,3000,0
400,80,50,Chebyshev,Random,4,24.8,$\pm$,4.12,25.88,$\pm$,14.51,3648393.0,$\pm$,575851.2,3000,0
400,80,50,Chebyshev,Random,5,27.4,$\pm$,1.74,29.33,$\pm$,17.94,2364417.3,$\pm$,100390.8,3000,0
400,80,50,Euclidean,Equal,1,34.2,$\pm$,3.71,35.6,$\pm$,29.9,3041528.2,$\pm$,517314.5,3000,0
400,80,50,Euclidean,Equal,2,39.8,$\pm$,2.93,43.49,$\pm$,29.53,2308208.8,$\pm$,2004971.2,3000,0
400,80,50,Euclidean,Equal,3,37.8,$\pm$,1.94,40.51,$\pm$,30.79,2301131.8,$\pm$,1369928.7,3000,0
400,80,50,Euclidean,Equal,4,35.6,$\pm$,3.72,35.43,$\pm$,28.6,2739328.5,$\pm$,1847717.8,3000,0
400,80,50,Euclidean,Equal,5,43.6,$\pm$,3.26,46.76,$\pm$,31.43,2616267.5,$\pm$,1655013.3,3000,0
400,80,50,Euclidean,Random,1,20.2,$\pm$,3.12,21.97,$\pm$,15.02,2243298.0,$\pm$,409648.3,3000,0
400,80,50,Euclidean,Random,2,13.2,$\pm$,2.14,16.43,$\pm$,9.82,3525597.5,$\pm$,264999.0,3000,0
400,80,50,Euclidean,Random,3,20.8,$\pm$,1.47,24.84,$\pm$,14.47,746709.3,$\pm$,273976.7,3000,0
400,80,50,Euclidean,Random,4,18.4,$\pm$,1.5,22.63,$\pm$,12.5,2766601.3,$\pm$,1722309.0,3000,0
400,80,50,Euclidean,Random,5,18.6,$\pm$,2.06,19.14,$\pm$,9.55,1897820.0,$\pm$,1205408.5,3000,0
400,80,85,Chebyshev,Equal,1,12.8,$\pm$,1.17,9.57,$\pm$,3.76,93679.3,$\pm$,116830.1,3000,0
400,80,85,Chebyshev,Equal,2,14,$\pm$,1.1,13.29,$\pm$,3.92,1148718.8,$\pm$,387460.8,3000,0
400,80,85,Chebyshev,Equal,3,13.4,$\pm$,1.36,10.59,$\pm$,4.23,630314.5,$\pm$,288098.8,3000,0
400,80,85,Chebyshev,Equal,4,13.2,$\pm$,1.47,9.62,$\pm$,3.71,3697022.0,$\pm$,201333.7,3000,0
400,80,85,Chebyshev,Equal,5,14.6,$\pm$,2.24,10.09,$\pm$,3.71,2224252.5,$\pm$,2349648.2,3000,0
400,80,85,Chebyshev,Random,1,11.8,$\pm$,1.33,9.74,$\pm$,3,3052702.8,$\pm$,1893019.8,3000,0
400,80,85,Chebyshev,Random,2,12.4,$\pm$,1.02,10.8,$\pm$,3.21,1244989.3,$\pm$,2002854.4,3000,0
400,80,85,Chebyshev,Random,3,11,$\pm$,1.1,9.62,$\pm$,2.95,3474382.0,$\pm$,113474.7,3000,0
400,80,85,Chebyshev,Random,4,11.8,$\pm$,1.47,9.68,$\pm$,2.67,3112329.3,$\pm$,1981205.5,3000,0
400,80,85,Chebyshev,Random,5,10.8,$\pm$,1.33,9.28,$\pm$,2.55,3843424.0,$\pm$,129784.2,3000,0
400,80,85,Euclidean,Equal,1,14,$\pm$,2.1,10.35,$\pm$,4.59,557473.3,$\pm$,189814.5,3000,0
400,80,85,Euclidean,Equal,2,13,$\pm$,1.1,9.83,$\pm$,4.1,2042605.8,$\pm$,2294584.1,3000,0
400,80,85,Euclidean,Equal,3,14.4,$\pm$,1.62,10.46,$\pm$,3.94,632101.8,$\pm$,221535.6,3000,0
400,80,85,Euclidean,Equal,4,13,$\pm$,0.63,10.09,$\pm$,4.32,259168.0,$\pm$,167949.8,3000,0
400,80,85,Euclidean,Equal,5,11,$\pm$,0.63,8.46,$\pm$,2.95,422356.0,$\pm$,202693.6,3000,0
400,80,85,Euclidean,Random,1,10,$\pm$,0.63,9.17,$\pm$,2.3,1315590.8,$\pm$,1980054.8,3000,0
400,80,85,Euclidean,Random,2,9.4,$\pm$,0.8,8.42,$\pm$,2.03,3892321.8,$\pm$,202075.2,3000,0
400,80,85,Euclidean,Random,3,9,$\pm$,0.63,7.74,$\pm$,2.03,3331993.8,$\pm$,243311.8,3000,0
400,80,85,Euclidean,Random,4,10,$\pm$,1.1,8.08,$\pm$,2.37,3829117.0,$\pm$,222612.9,3000,0
400,80,85,Euclidean,Random,5,9.6,$\pm$,1.36,8.16,$\pm$,2.28,1508325.3,$\pm$,2309374.3,3000,0
400,95,0,Chebyshev,Equal,1,6,$\pm$,0.63,10.91,$\pm$,24.02,1778424.3,$\pm$,94022.5,3000,0
400,95,0,Chebyshev,Equal,2,5.8,$\pm$,0.98,10.25,$\pm$,23.14,1619702.0,$\pm$,105737.4,3000,0
400,95,0,Chebyshev,Equal,3,5.6,$\pm$,0.49,10.57,$\pm$,24.39,1556592.8,$\pm$,269320.6,3000,0
400,95,0,Chebyshev,Equal,4,6.4,$\pm$,1.36,10.86,$\pm$,24.67,1694989.8,$\pm$,162469.9,3000,0
400,95,0,Chebyshev,Equal,5,5.4,$\pm$,0.8,10.43,$\pm$,24.23,1276560.8,$\pm$,188751.4,3000,0
400,95,0,Chebyshev,Random,1,5,$\pm$,0.63,4.84,$\pm$,1.2,100425.9,$\pm$,117172.4,430.33,100
400,95,0,Chebyshev,Random,2,4.8,$\pm$,0.4,5.88,$\pm$,3.38,998462.9,$\pm$,100782.2,3000,0
400,95,0,Chebyshev,Random,3,4.2,$\pm$,0.4,4.74,$\pm$,0.89,417.3,$\pm$,25.6,1,100
400,95,0,Chebyshev,Random,4,4.8,$\pm$,0.75,5.05,$\pm$,0.99,436299.9,$\pm$,335363.2,1769.22,40
400,95,0,Chebyshev,Random,5,4.4,$\pm$,0.49,4.87,$\pm$,0.77,473.5,$\pm$,24.7,1,100
400,95,0,Euclidean,Equal,1,6,$\pm$,0,10.64,$\pm$,23.59,1310820.3,$\pm$,112883.9,3000,0
400,95,0,Euclidean,Equal,2,5.6,$\pm$,0.8,10.5,$\pm$,23.99,1345752.5,$\pm$,106891.2,3000,0
400,95,0,Euclidean,Equal,3,6.8,$\pm$,1.33,11.4,$\pm$,23.84,2070796.3,$\pm$,259156.8,3000,0
400,95,0,Euclidean,Equal,4,5.4,$\pm$,0.49,9.83,$\pm$,22.62,1493292.3,$\pm$,148517.0,3000,0
400,95,0,Euclidean,Equal,5,5.4,$\pm$,0.8,10.56,$\pm$,24.7,1685098.5,$\pm$,140420.8,3000,0
400,95,0,Euclidean,Random,1,4.4,$\pm$,0.8,4.53,$\pm$,0.77,131131.7,$\pm$,275508.1,667.44,80
400,95,0,Euclidean,Random,2,4.2,$\pm$,0.4,4.77,$\pm$,1.16,149653.4,$\pm$,310928.4,671.89,80
400,95,0,Euclidean,Random,3,4.6,$\pm$,0.8,4.93,$\pm$,1.66,565070.6,$\pm$,389696.4,2002.44,30
400,95,0,Euclidean,Random,4,4.6,$\pm$,0.49,4.4,$\pm$,0.7,421.9,$\pm$,62.7,1,100
400,95,0,Euclidean,Random,5,4.4,$\pm$,0.49,4.8,$\pm$,1.19,731213.3,$\pm$,259233.9,2667.11,10
400,95,50,Chebyshev,Equal,1,13,$\pm$,1.55,14.33,$\pm$,8.45,1800988.5,$\pm$,1809622.0,3000,0
400,95,50,Chebyshev,Equal,2,12.4,$\pm$,0.8,14.57,$\pm$,9.64,1956231.5,$\pm$,1730035.3,3000,0
400,95,50,Chebyshev,Equal,3,13.6,$\pm$,0.8,15.17,$\pm$,8.36,2880494.5,$\pm$,1603058.3,3000,0
400,95,50,Chebyshev,Equal,4,14.8,$\pm$,1.17,16.39,$\pm$,9.54,1194471.8,$\pm$,350662.4,3000,0
400,95,50,Chebyshev,Equal,5,13.4,$\pm$,1.02,15.66,$\pm$,8.65,1234579.0,$\pm$,348824.8,3000,0
400,95,50,Chebyshev,Random,1,9.6,$\pm$,0.8,10.34,$\pm$,5.45,1442810.8,$\pm$,1782111.7,3000,0
400,95,50,Chebyshev,Random,2,13,$\pm$,4.05,13.35,$\pm$,7.77,2546379.3,$\pm$,702276.1,3000,0
400,95,50,Chebyshev,Random,3,11.2,$\pm$,0.98,12.91,$\pm$,6.54,2668570.8,$\pm$,608560.4,3000,0
400,95,50,Chebyshev,Random,4,12.2,$\pm$,1.6,13.84,$\pm$,6.65,3305281.0,$\pm$,570885.1,3000,0
400,95,50,Chebyshev,Random,5,10,$\pm$,0.63,11.71,$\pm$,6.17,1651865.8,$\pm$,322503.4,3000,0
400,95,50,Euclidean,Equal,1,12.6,$\pm$,0.49,14.57,$\pm$,8.39,2189969.5,$\pm$,2167096.0,3000,0
400,95,50,Euclidean,Equal,2,11.6,$\pm$,0.8,12.71,$\pm$,8.67,2641116.5,$\pm$,378760.3,3000,0
400,95,50,Euclidean,Equal,3,12.4,$\pm$,0.8,13.76,$\pm$,8.42,3880724.0,$\pm$,242249.1,3000,0
400,95,50,Euclidean,Equal,4,12.2,$\pm$,0.75,14,$\pm$,8.46,3565077.5,$\pm$,277018.4,3000,0
400,95,50,Euclidean,Equal,5,14.6,$\pm$,1.36,16.62,$\pm$,9.59,1380435.0,$\pm$,270034.6,3000,0
400,95,50,Euclidean,Random,1,14.6,$\pm$,2.42,17.34,$\pm$,11.34,2711758.5,$\pm$,1723330.8,3000,0
400,95,50,Euclidean,Random,2,13,$\pm$,2.61,13.93,$\pm$,9.9,1948051.3,$\pm$,357159.9,3000,0
400,95,50,Euclidean,Random,3,15.4,$\pm$,2.87,16.56,$\pm$,9.39,2025134.5,$\pm$,2145104.5,3000,0
400,95,50,Euclidean,Random,4,18.2,$\pm$,2.14,21.46,$\pm$,11.97,1898315.5,$\pm$,834375.5,3000,0
400,95,50,Euclidean,Random,5,17.2,$\pm$,0.75,21.13,$\pm$,14.55,3308373.8,$\pm$,646205.3,3000,0
400,95,85,Chebyshev,Equal,1,9,$\pm$,0.63,8.62,$\pm$,3.42,1772176.3,$\pm$,152876.4,3000,0
400,95,85,Chebyshev,Equal,2,7,$\pm$,6.03,7.11,$\pm$,6.87,1526094.8,$\pm$,96657.7,3000,0
400,95,85,Chebyshev,Equal,3,16,$\pm$,0,7.82,$\pm$,7.89,1714013.3,$\pm$,89796.4,3000,0
400,95,85,Chebyshev,Equal,4,3.2,$\pm$,6.4,5.47,$\pm$,7.47,1638555.0,$\pm$,86079.6,3000,0
400,95,85,Chebyshev,Equal,5,9.6,$\pm$,7.84,6.06,$\pm$,7.63,1728984.3,$\pm$,94663.4,3000,0
400,95,85,Chebyshev,Random,1,6.2,$\pm$,7.6,5.84,$\pm$,7.6,1585437.7,$\pm$,96904.9,3000,0
400,95,85,Chebyshev,Random,2,9.4,$\pm$,7.68,6.77,$\pm$,7.73,1767492.7,$\pm$,115165.7,3000,0
400,95,85,Chebyshev,Random,3,3.2,$\pm$,6.4,5.59,$\pm$,7.51,1783430.0,$\pm$,62966.1,3000,0
400,95,85,Chebyshev,Random,4,0,$\pm$,0,6.65,$\pm$,7.77,1367857.0,$\pm$,49392.5,3000,0
400,95,85,Chebyshev,Random,5,6.2,$\pm$,7.6,6.63,$\pm$,7.69,1606670.3,$\pm$,97466.7,3000,0
400,95,85,Euclidean,Equal,1,9.4,$\pm$,7.68,7.53,$\pm$,7.74,1777382.3,$\pm$,96603.1,3000,0
400,95,85,Euclidean,Equal,2,6.4,$\pm$,7.84,6.21,$\pm$,7.68,1905841.7,$\pm$,158947.0,3000,0
400,95,85,Euclidean,Equal,3,12.4,$\pm$,6.22,7,$\pm$,7.75,1984181.7,$\pm$,111160.9,3000,0
400,95,85,Euclidean,Equal,4,9.2,$\pm$,7.52,5.98,$\pm$,7.82,1757406.3,$\pm$,107605.3,3000,0
400,95,85,Euclidean,Equal,5,6.2,$\pm$,7.6,5.73,$\pm$,7.57,1692303.7,$\pm$,93710.9,3000,0
400,95,85,Euclidean,Random,1,12.4,$\pm$,6.22,6.91,$\pm$,7.78,1832559.7,$\pm$,61829.0,3000,0
400,95,85,Euclidean,Random,2,6.2,$\pm$,7.6,6.63,$\pm$,7.68,1683179.3,$\pm$,56084.6,3000,0
400,95,85,Euclidean,Random,3,6.4,$\pm$,7.84,8.42,$\pm$,7.74,1523896.0,$\pm$,60570.2,3000,0
400,95,85,Euclidean,Random,4,9.4,$\pm$,7.68,6.62,$\pm$,7.69,1393961.0,$\pm$,65072.0,3000,0
400,95,85,Euclidean,Random,5,9.4,$\pm$,7.68,6.65,$\pm$,7.72,1677198.3,$\pm$,68794.5,3000,0
